{
  "Total" : {
    "transaction" : "Total",
    "sampleCount" : 40,
    "errorCount" : 0,
    "errorPct" : 0.0,
    "meanResTime" : 13762.8,
    "medianResTime" : 15599.5,
    "minResTime" : 835.0,
    "maxResTime" : 25335.0,
    "pct1ResTime" : 22902.8,
    "pct2ResTime" : 25155.699999999993,
    "pct3ResTime" : 25335.0,
    "throughput" : 0.8697542944118286,
    "receivedKBytesPerSec" : 764.3232776486736,
    "sentKBytesPerSec" : 0.10022559252011307
  },
  "HTTP Request" : {
    "transaction" : "HTTP Request",
    "sampleCount" : 40,
    "errorCount" : 0,
    "errorPct" : 0.0,
    "meanResTime" : 13762.8,
    "medianResTime" : 15599.5,
    "minResTime" : 835.0,
    "maxResTime" : 25335.0,
    "pct1ResTime" : 22902.8,
    "pct2ResTime" : 25155.699999999993,
    "pct3ResTime" : 25335.0,
    "throughput" : 0.8697542944118286,
    "receivedKBytesPerSec" : 764.3232776486736,
    "sentKBytesPerSec" : 0.10022559252011307
  }
}